{
    "avg": {
        "basic_execution": 0.5055753296937402,
        "false_signal": 0.45637149846562375,
        "conflicting_signal": 0.43109902640816034,
        "flash_crash": 0.2821597091059725
    },
    "all": {
        "basic_execution": [
            0.29098038255281405,
            0.4667116043954514,
            0.4923952941285803,
            0.6576732947150177,
            0.7094134527113257,
            0.686678188253458,
            0.6757609806079463,
            0.6740134351451486,
            0.6504402062845259,
            0.27691635232054396,
            0.7120215357228422,
            0.6740000050329595,
            0.6569077448004104,
            0.6448389304141937,
            0.6021352015848938,
            0.5756257194764905,
            0.5458522962360988,
            0.2482933143164869,
            0.5997906867323523,
            0.5801115903509028,
            0.5608055898290829,
            0.16129419491021366,
            0.17935336602613589,
            0.17132182595961426,
            0.1460480498360132
        ],
        "false_signal": [
            0.5024174276873448,
            0.4669257152801557,
            0.46728449802523236,
            0.5277535435506522,
            0.4673920014081466,
            0.5421184074237999,
            0.5097154428778029,
            0.5527572425370494,
            0.48505500445414845,
            0.5535142333627021,
            0.5108701277546424,
            0.5650757267895166,
            0.4870891250126958,
            0.4468318069970763,
            0.4355274865984929,
            0.42696846605655253,
            0.4254187074841932,
            0.3997501955057365,
            0.39854553854304076,
            0.39255722108702856,
            0.38189441297148347,
            0.37849902033658445,
            0.363511243439104,
            0.36021657433400045,
            0.36159829212341
        ],
        "conflicting_signal": [
            0.4961136999105928,
            0.40291801520101306,
            0.4019143572741661,
            0.40393578628050425,
            0.5609118341651945,
            0.38950734782253577,
            0.43494103283206986,
            0.3599709126846604,
            0.5287897913687577,
            0.5835873366267222,
            0.475460864998109,
            0.5382146046941952,
            0.2968458307510119,
            0.47811030080889094,
            0.503353812532569,
            0.4334002947361967,
            0.4243618368236577,
            0.36776736490753453,
            0.4112825166054156,
            0.4694665837209833,
            0.3648206435274352,
            0.30050247271309966,
            0.4599941930359136,
            0.32343782315283176,
            0.3678664030299456
        ],
        "flash_crash": [
            0.24897916774742124,
            0.13771653735690959,
            0.2845491981348171,
            0.2980107755753947,
            0.38625619354688306,
            0.3655254811745093,
            0.35728140788325025,
            0.34452270823654046,
            0.33673184276994156,
            0.3281084909014941,
            0.3201957643660148,
            0.31278449937741964,
            0.30628352503967027,
            0.30017166567014464,
            0.2929325518016122,
            0.2649937778208238,
            0.2880175119985071,
            0.2818524151574305,
            0.25569330975748356,
            0.2592672739327404,
            0.274822200300638,
            0.2680748656918707,
            0.26225051751160794,
            0.25595240964333005,
            0.023018636252858875
        ]
    }
}